Model,R²,RMSE
LinearRegression,-0.05758884461363589,876.1566356123303
RandomForest,-0.5199221307721391,1050.3498871591253
SVR,0.006171849524066131,849.3349016559695
